Kamden,Abbott,General,255747402,12/28/2015,3/2/2016,6/27/2016,11/27/2016,Terminated
Lillie,Acevedo,General,105782247,12/28/2015,,,,Active
Semaj,Acosta,General,239035989,12/28/2015,,,,Active
Alexus,Adams,General,255735414,1/1/2016,,,,Active
Alma,Adkins,Operating,239110914,12/28/2015,,,,Active
London,Aguilar,General,255746403,12/28/2015,,,,Active
Evelin,Aguirre,General,155759643,12/28/2015,,,,Active
Bryan,Alexander,General,205768008,12/28/2015,,,,Active
Ashly,Ali,General,255723426,12/28/2015,,,,Active
Yuliana,Allen,General,205738038,12/28/2015,,,,Active
Jocelyn,Alvarado,General,122418735,12/28/2015,,,,Active
Reynaldo,Andersen,Operating,189074577,12/28/2015,,,,Active
Toby,Anderson,General,155752650,12/28/2015,,,,Active
Dayana,Andrade,General,222435465,3/28/2016,,,,Active
Kayden,Andrews,General,189070581,3/28/2016,,,,Active
Joaquin,Anthony,General,189042609,3/28/2016,,,,Active
Moises,Archer,General,122413740,4/1/2016,,,,Active
Aydan,Arellano,General,105751278,3/28/2016,,,,Active
Payton,Arias,General,205715061,3/28/2016,,,,Active
Antwan,Armstrong,General,189079572,3/28/2016,,,,Active
